mobile,password
+8801700000000,Password1
+8801700000001,Password1
+8801700000002,Password1
+8801700000003,Password1
+8801700000004,Password1
+8801700000005,Password1
+8801700000006,Password1
+8801700000007,Password1
+8801700000008,Password1
+8801700000009,Password1
+8801700000010,Password1
+8801700000011,Password1
+8801700000012,Password1
+8801700000013,Password1
+8801700000014,Password1
+8801700000015,Password1
+8801700000016,Password1
+8801700000017,Password1
+8801700000018,Password1
+8801700000019,Password1
+8801700000020,Password1
+8801700000021,Password1
+8801700000022,Password1
+8801700000023,Password1
+8801700000024,Password1
+8801700000025,Password1
+8801700000026,Password1
+8801700000027,Password1
+8801700000028,Password1
+8801700000029,Password1
+8801700000030,Password1
+8801700000031,Password1
+8801700000032,Password1
+8801700000033,Password1
+8801700000034,Password1
+8801700000035,Password1
+8801700000036,Password1
+8801700000037,Password1
+8801700000038,Password1
+8801700000039,Password1
+8801700000040,Password1
+8801700000041,Password1
+8801700000042,Password1
+8801700000043,Password1
+8801700000044,Password1
+8801700000045,Password1
+8801700000046,Password1
+8801700000047,Password1
+8801700000048,Password1
+8801700000049,Password1
+8801700000050,Password1
+8801700000051,Password1
+8801700000052,Password1
+8801700000053,Password1
+8801700000054,Password1
+8801700000055,Password1
+8801700000056,Password1
+8801700000057,Password1
+8801700000058,Password1
+8801700000059,Password1
+8801700000060,Password1
+8801700000061,Password1
+8801700000062,Password1
+8801700000063,Password1
+8801700000064,Password1
+8801700000065,Password1
+8801700000066,Password1
+8801700000067,Password1
+8801700000068,Password1
+8801700000069,Password1
+8801700000070,Password1
+8801700000071,Password1
+8801700000072,Password1
+8801700000073,Password1
+8801700000074,Password1
+8801700000075,Password1
+8801700000076,Password1
+8801700000077,Password1
+8801700000078,Password1
+8801700000079,Password1
+8801700000080,Password1
+8801700000081,Password1
+8801700000082,Password1
+8801700000083,Password1
+8801700000084,Password1
+8801700000085,Password1
+8801700000086,Password1
+8801700000087,Password1
+8801700000088,Password1
+8801700000089,Password1
+8801700000090,Password1
+8801700000091,Password1
+8801700000092,Password1
+8801700000093,Password1
+8801700000094,Password1
+8801700000095,Password1
+8801700000096,Password1
+8801700000097,Password1
+8801700000098,Password1
+8801700000099,Password1
+8801700000100,Password1
+8801700000101,Password1
+8801700000102,Password1
+8801700000103,Password1
+8801700000104,Password1
+8801700000105,Password1
+8801700000106,Password1
+8801700000107,Password1
+8801700000108,Password1
+8801700000109,Password1
+8801700000110,Password1
+8801700000111,Password1
+8801700000112,Password1
+8801700000113,Password1
+8801700000114,Password1
+8801700000115,Password1
+8801700000116,Password1
+8801700000117,Password1
+8801700000118,Password1
+8801700000119,Password1
+8801700000120,Password1
+8801700000121,Password1
+8801700000122,Password1
+8801700000123,Password1
+8801700000124,Password1
+8801700000125,Password1
+8801700000126,Password1
+8801700000127,Password1
+8801700000128,Password1
+8801700000129,Password1
+8801700000130,Password1
+8801700000131,Password1
+8801700000132,Password1
+8801700000133,Password1
+8801700000134,Password1
+8801700000135,Password1
+8801700000136,Password1
+8801700000137,Password1
+8801700000138,Password1
+8801700000139,Password1
+8801700000140,Password1
+8801700000141,Password1
+8801700000142,Password1
+8801700000143,Password1
+8801700000144,Password1
+8801700000145,Password1
+8801700000146,Password1
+8801700000147,Password1
+8801700000148,Password1
+8801700000149,Password1
+8801700000150,Password1
+8801700000151,Password1
+8801700000152,Password1
+8801700000153,Password1
+8801700000154,Password1
+8801700000155,Password1
+8801700000156,Password1
+8801700000157,Password1
+8801700000158,Password1
+8801700000159,Password1
+8801700000160,Password1
+8801700000161,Password1
+8801700000162,Password1
+8801700000163,Password1
+8801700000164,Password1
+8801700000165,Password1
+8801700000166,Password1
+8801700000167,Password1
+8801700000168,Password1
+8801700000169,Password1
+8801700000170,Password1
+8801700000171,Password1
+8801700000172,Password1
+8801700000173,Password1
+8801700000174,Password1
+8801700000175,Password1
+8801700000176,Password1
+8801700000177,Password1
+8801700000178,Password1
+8801700000179,Password1
+8801700000180,Password1
+8801700000181,Password1
+8801700000182,Password1
+8801700000183,Password1
+8801700000184,Password1
+8801700000185,Password1
+8801700000186,Password1
+8801700000187,Password1
+8801700000188,Password1
+8801700000189,Password1
+8801700000190,Password1
+8801700000191,Password1
+8801700000192,Password1
+8801700000193,Password1
+8801700000194,Password1
+8801700000195,Password1
+8801700000196,Password1
+8801700000197,Password1
+8801700000198,Password1
+8801700000199,Password1
+8801700000200,Password1
+8801700000201,Password1
+8801700000202,Password1
+8801700000203,Password1
+8801700000204,Password1
+8801700000205,Password1
+8801700000206,Password1
+8801700000207,Password1
+8801700000208,Password1
+8801700000209,Password1
+8801700000210,Password1
+8801700000211,Password1
+8801700000212,Password1
+8801700000213,Password1
+8801700000214,Password1
+8801700000215,Password1
+8801700000216,Password1
+8801700000217,Password1
+8801700000218,Password1
+8801700000219,Password1
+8801700000220,Password1
+8801700000221,Password1
+8801700000222,Password1
+8801700000223,Password1
+8801700000224,Password1
+8801700000225,Password1
+8801700000226,Password1
+8801700000227,Password1
+8801700000228,Password1
+8801700000229,Password1
+8801700000230,Password1
+8801700000231,Password1
+8801700000232,Password1
+8801700000233,Password1
+8801700000234,Password1
+8801700000235,Password1
+8801700000236,Password1
+8801700000237,Password1
+8801700000238,Password1
+8801700000239,Password1
+8801700000240,Password1
+8801700000241,Password1
+8801700000242,Password1
+8801700000243,Password1
+8801700000244,Password1
+8801700000245,Password1
+8801700000246,Password1
+8801700000247,Password1
+8801700000248,Password1
+8801700000249,Password1
+8801700000250,Password1
+8801700000251,Password1
+8801700000252,Password1
+8801700000253,Password1
+8801700000254,Password1
+8801700000255,Password1
+8801700000256,Password1
+8801700000257,Password1
+8801700000258,Password1
+8801700000259,Password1
+8801700000260,Password1
+8801700000261,Password1
+8801700000262,Password1
+8801700000263,Password1
+8801700000264,Password1
+8801700000265,Password1
+8801700000266,Password1
+8801700000267,Password1
+8801700000268,Password1
+8801700000269,Password1
+8801700000270,Password1
+8801700000271,Password1
+8801700000272,Password1
+8801700000273,Password1
+8801700000274,Password1
+8801700000275,Password1
+8801700000276,Password1
+8801700000277,Password1
+8801700000278,Password1
+8801700000279,Password1
+8801700000280,Password1
+8801700000281,Password1
+8801700000282,Password1
+8801700000283,Password1
+8801700000284,Password1
+8801700000285,Password1
+8801700000286,Password1
+8801700000287,Password1
+8801700000288,Password1
+8801700000289,Password1
+8801700000290,Password1
+8801700000291,Password1
+8801700000292,Password1
+8801700000293,Password1
+8801700000294,Password1
+8801700000295,Password1
+8801700000296,Password1
+8801700000297,Password1
+8801700000298,Password1
+8801700000299,Password1
+8801700000300,Password1
+8801700000301,Password1
+8801700000302,Password1
+8801700000303,Password1
+8801700000304,Password1
+8801700000305,Password1
+8801700000306,Password1
+8801700000307,Password1
+8801700000308,Password1
+8801700000309,Password1
+8801700000310,Password1
+8801700000311,Password1
+8801700000312,Password1
+8801700000313,Password1
+8801700000314,Password1
+8801700000315,Password1
+8801700000316,Password1
+8801700000317,Password1
+8801700000318,Password1
+8801700000319,Password1
+8801700000320,Password1
+8801700000321,Password1
+8801700000322,Password1
+8801700000323,Password1
+8801700000324,Password1
+8801700000325,Password1
+8801700000326,Password1
+8801700000327,Password1
+8801700000328,Password1
+8801700000329,Password1
+8801700000330,Password1
+8801700000331,Password1
+8801700000332,Password1
+8801700000333,Password1
+8801700000334,Password1
+8801700000335,Password1
+8801700000336,Password1
+8801700000337,Password1
+8801700000338,Password1
+8801700000339,Password1
+8801700000340,Password1
+8801700000341,Password1
+8801700000342,Password1
+8801700000343,Password1
+8801700000344,Password1
+8801700000345,Password1
+8801700000346,Password1
+8801700000347,Password1
+8801700000348,Password1
+8801700000349,Password1
+8801700000350,Password1
+8801700000351,Password1
+8801700000352,Password1
+8801700000353,Password1
+8801700000354,Password1
+8801700000355,Password1
+8801700000356,Password1
+8801700000357,Password1
+8801700000358,Password1
+8801700000359,Password1
+8801700000360,Password1
+8801700000361,Password1
+8801700000362,Password1
+8801700000363,Password1
+8801700000364,Password1
+8801700000365,Password1
+8801700000366,Password1
+8801700000367,Password1
+8801700000368,Password1
+8801700000369,Password1
+8801700000370,Password1
+8801700000371,Password1
+8801700000372,Password1
+8801700000373,Password1
+8801700000374,Password1
+8801700000375,Password1
+8801700000376,Password1
+8801700000377,Password1
+8801700000378,Password1
+8801700000379,Password1
+8801700000380,Password1
+8801700000381,Password1
+8801700000382,Password1
+8801700000383,Password1
+8801700000384,Password1
+8801700000385,Password1
+8801700000386,Password1
+8801700000387,Password1
+8801700000388,Password1
+8801700000389,Password1
+8801700000390,Password1
+8801700000391,Password1
+8801700000392,Password1
+8801700000393,Password1
+8801700000394,Password1
+8801700000395,Password1
+8801700000396,Password1
+8801700000397,Password1
+8801700000398,Password1
+8801700000399,Password1
+8801700000400,Password1
+8801700000401,Password1
+8801700000402,Password1
+8801700000403,Password1
+8801700000404,Password1
+8801700000405,Password1
+8801700000406,Password1
+8801700000407,Password1
+8801700000408,Password1
+8801700000409,Password1
+8801700000410,Password1
+8801700000411,Password1
+8801700000412,Password1
+8801700000413,Password1
+8801700000414,Password1
+8801700000415,Password1
+8801700000416,Password1
+8801700000417,Password1
+8801700000418,Password1
+8801700000419,Password1
+8801700000420,Password1
+8801700000421,Password1
+8801700000422,Password1
+8801700000423,Password1
+8801700000424,Password1
+8801700000425,Password1
+8801700000426,Password1
+8801700000427,Password1
+8801700000428,Password1
+8801700000429,Password1
+8801700000430,Password1
+8801700000431,Password1
+8801700000432,Password1
+8801700000433,Password1
+8801700000434,Password1
+8801700000435,Password1
+8801700000436,Password1
+8801700000437,Password1
+8801700000438,Password1
+8801700000439,Password1
+8801700000440,Password1
+8801700000441,Password1
+8801700000442,Password1
+8801700000443,Password1
+8801700000444,Password1
+8801700000445,Password1
+8801700000446,Password1
+8801700000447,Password1
+8801700000448,Password1
+8801700000449,Password1
+8801700000450,Password1
+8801700000451,Password1
+8801700000452,Password1
+8801700000453,Password1
+8801700000454,Password1
+8801700000455,Password1
+8801700000456,Password1
+8801700000457,Password1
+8801700000458,Password1
+8801700000459,Password1
+8801700000460,Password1
+8801700000461,Password1
+8801700000462,Password1
+8801700000463,Password1
+8801700000464,Password1
+8801700000465,Password1
+8801700000466,Password1
+8801700000467,Password1
+8801700000468,Password1
+8801700000469,Password1
+8801700000470,Password1
+8801700000471,Password1
+8801700000472,Password1
+8801700000473,Password1
+8801700000474,Password1
+8801700000475,Password1
+8801700000476,Password1
+8801700000477,Password1
+8801700000478,Password1
+8801700000479,Password1
+8801700000480,Password1
+8801700000481,Password1
+8801700000482,Password1
+8801700000483,Password1
+8801700000484,Password1
+8801700000485,Password1
+8801700000486,Password1
+8801700000487,Password1
+8801700000488,Password1
+8801700000489,Password1
+8801700000490,Password1
+8801700000491,Password1
+8801700000492,Password1
+8801700000493,Password1
+8801700000494,Password1
+8801700000495,Password1
+8801700000496,Password1
+8801700000497,Password1
+8801700000498,Password1
+8801700000499,Password1
+8801700000500,Password1
+8801700000501,Password1
+8801700000502,Password1
+8801700000503,Password1
+8801700000504,Password1
+8801700000505,Password1
+8801700000506,Password1
+8801700000507,Password1
+8801700000508,Password1
+8801700000509,Password1
+8801700000510,Password1
+8801700000511,Password1
+8801700000512,Password1
+8801700000513,Password1
+8801700000514,Password1
+8801700000515,Password1
+8801700000516,Password1
+8801700000517,Password1
+8801700000518,Password1
+8801700000519,Password1
+8801700000520,Password1
+8801700000521,Password1
+8801700000522,Password1
+8801700000523,Password1
+8801700000524,Password1
+8801700000525,Password1
+8801700000526,Password1
+8801700000527,Password1
+8801700000528,Password1
+8801700000529,Password1
+8801700000530,Password1
+8801700000531,Password1
+8801700000532,Password1
+8801700000533,Password1
+8801700000534,Password1
+8801700000535,Password1
+8801700000536,Password1
+8801700000537,Password1
+8801700000538,Password1
+8801700000539,Password1
+8801700000540,Password1
+8801700000541,Password1
+8801700000542,Password1
+8801700000543,Password1
+8801700000544,Password1
+8801700000545,Password1
+8801700000546,Password1
+8801700000547,Password1
+8801700000548,Password1
+8801700000549,Password1
+8801700000550,Password1
+8801700000551,Password1
+8801700000552,Password1
+8801700000553,Password1
+8801700000554,Password1
+8801700000555,Password1
+8801700000556,Password1
+8801700000557,Password1
+8801700000558,Password1
+8801700000559,Password1
+8801700000560,Password1
+8801700000561,Password1
+8801700000562,Password1
+8801700000563,Password1
+8801700000564,Password1
+8801700000565,Password1
+8801700000566,Password1
+8801700000567,Password1
+8801700000568,Password1
+8801700000569,Password1
+8801700000570,Password1
+8801700000571,Password1
+8801700000572,Password1
+8801700000573,Password1
+8801700000574,Password1
+8801700000575,Password1
+8801700000576,Password1
+8801700000577,Password1
+8801700000578,Password1
+8801700000579,Password1
+8801700000580,Password1
+8801700000581,Password1
+8801700000582,Password1
+8801700000583,Password1
+8801700000584,Password1
+8801700000585,Password1
+8801700000586,Password1
+8801700000587,Password1
+8801700000588,Password1
+8801700000589,Password1
+8801700000590,Password1
+8801700000591,Password1
+8801700000592,Password1
+8801700000593,Password1
+8801700000594,Password1
+8801700000595,Password1
+8801700000596,Password1
+8801700000597,Password1
+8801700000598,Password1
+8801700000599,Password1
+8801700000600,Password1
+8801700000601,Password1
+8801700000602,Password1
+8801700000603,Password1
+8801700000604,Password1
+8801700000605,Password1
+8801700000606,Password1
+8801700000607,Password1
+8801700000608,Password1
+8801700000609,Password1
+8801700000610,Password1
+8801700000611,Password1
+8801700000612,Password1
+8801700000613,Password1
+8801700000614,Password1
+8801700000615,Password1
+8801700000616,Password1
+8801700000617,Password1
+8801700000618,Password1
+8801700000619,Password1
+8801700000620,Password1
+8801700000621,Password1
+8801700000622,Password1
+8801700000623,Password1
+8801700000624,Password1
+8801700000625,Password1
+8801700000626,Password1
+8801700000627,Password1
+8801700000628,Password1
+8801700000629,Password1
+8801700000630,Password1
+8801700000631,Password1
+8801700000632,Password1
+8801700000633,Password1
+8801700000634,Password1
+8801700000635,Password1
+8801700000636,Password1
+8801700000637,Password1
+8801700000638,Password1
+8801700000639,Password1
+8801700000640,Password1
+8801700000641,Password1
+8801700000642,Password1
+8801700000643,Password1
+8801700000644,Password1
+8801700000645,Password1
+8801700000646,Password1
+8801700000647,Password1
+8801700000648,Password1
+8801700000649,Password1
+8801700000650,Password1
+8801700000651,Password1
+8801700000652,Password1
+8801700000653,Password1
+8801700000654,Password1
+8801700000655,Password1
+8801700000656,Password1
+8801700000657,Password1
+8801700000658,Password1
+8801700000659,Password1
+8801700000660,Password1
+8801700000661,Password1
+8801700000662,Password1
+8801700000663,Password1
+8801700000664,Password1
+8801700000665,Password1
+8801700000666,Password1
+8801700000667,Password1
+8801700000668,Password1
+8801700000669,Password1
+8801700000670,Password1
+8801700000671,Password1
+8801700000672,Password1
+8801700000673,Password1
+8801700000674,Password1
+8801700000675,Password1
+8801700000676,Password1
+8801700000677,Password1
+8801700000678,Password1
+8801700000679,Password1
+8801700000680,Password1
+8801700000681,Password1
+8801700000682,Password1
+8801700000683,Password1
+8801700000684,Password1
+8801700000685,Password1
+8801700000686,Password1
+8801700000687,Password1
+8801700000688,Password1
+8801700000689,Password1
+8801700000690,Password1
+8801700000691,Password1
+8801700000692,Password1
+8801700000693,Password1
+8801700000694,Password1
+8801700000695,Password1
+8801700000696,Password1
+8801700000697,Password1
+8801700000698,Password1
+8801700000699,Password1
+8801700000700,Password1
+8801700000701,Password1
+8801700000702,Password1
+8801700000703,Password1
+8801700000704,Password1
+8801700000705,Password1
+8801700000706,Password1
+8801700000707,Password1
+8801700000708,Password1
+8801700000709,Password1
+8801700000710,Password1
+8801700000711,Password1
+8801700000712,Password1
+8801700000713,Password1
+8801700000714,Password1
+8801700000715,Password1
+8801700000716,Password1
+8801700000717,Password1
+8801700000718,Password1
+8801700000719,Password1
+8801700000720,Password1
+8801700000721,Password1
+8801700000722,Password1
+8801700000723,Password1
+8801700000724,Password1
+8801700000725,Password1
+8801700000726,Password1
+8801700000727,Password1
+8801700000728,Password1
+8801700000729,Password1
+8801700000730,Password1
+8801700000731,Password1
+8801700000732,Password1
+8801700000733,Password1
+8801700000734,Password1
+8801700000735,Password1
+8801700000736,Password1
+8801700000737,Password1
+8801700000738,Password1
+8801700000739,Password1
+8801700000740,Password1
+8801700000741,Password1
+8801700000742,Password1
+8801700000743,Password1
+8801700000744,Password1
+8801700000745,Password1
+8801700000746,Password1
+8801700000747,Password1
+8801700000748,Password1
+8801700000749,Password1
+8801700000750,Password1
+8801700000751,Password1
+8801700000752,Password1
+8801700000753,Password1
+8801700000754,Password1
+8801700000755,Password1
+8801700000756,Password1
+8801700000757,Password1
+8801700000758,Password1
+8801700000759,Password1
+8801700000760,Password1
+8801700000761,Password1
+8801700000762,Password1
+8801700000763,Password1
+8801700000764,Password1
+8801700000765,Password1
+8801700000766,Password1
+8801700000767,Password1
+8801700000768,Password1
+8801700000769,Password1
+8801700000770,Password1
+8801700000771,Password1
+8801700000772,Password1
+8801700000773,Password1
+8801700000774,Password1
+8801700000775,Password1
+8801700000776,Password1
+8801700000777,Password1
+8801700000778,Password1
+8801700000779,Password1
+8801700000780,Password1
+8801700000781,Password1
+8801700000782,Password1
+8801700000783,Password1
+8801700000784,Password1
+8801700000785,Password1
+8801700000786,Password1
+8801700000787,Password1
+8801700000788,Password1
+8801700000789,Password1
+8801700000790,Password1
+8801700000791,Password1
+8801700000792,Password1
+8801700000793,Password1
+8801700000794,Password1
+8801700000795,Password1
+8801700000796,Password1
+8801700000797,Password1
+8801700000798,Password1
+8801700000799,Password1
+8801700000800,Password1
+8801700000801,Password1
+8801700000802,Password1
+8801700000803,Password1
+8801700000804,Password1
+8801700000805,Password1
+8801700000806,Password1
+8801700000807,Password1
+8801700000808,Password1
+8801700000809,Password1
+8801700000810,Password1
+8801700000811,Password1
+8801700000812,Password1
+8801700000813,Password1
+8801700000814,Password1
+8801700000815,Password1
+8801700000816,Password1
+8801700000817,Password1
+8801700000818,Password1
+8801700000819,Password1
+8801700000820,Password1
+8801700000821,Password1
+8801700000822,Password1
+8801700000823,Password1
+8801700000824,Password1
+8801700000825,Password1
+8801700000826,Password1
+8801700000827,Password1
+8801700000828,Password1
+8801700000829,Password1
+8801700000830,Password1
+8801700000831,Password1
+8801700000832,Password1
+8801700000833,Password1
+8801700000834,Password1
+8801700000835,Password1
+8801700000836,Password1
+8801700000837,Password1
+8801700000838,Password1
+8801700000839,Password1
+8801700000840,Password1
+8801700000841,Password1
+8801700000842,Password1
+8801700000843,Password1
+8801700000844,Password1
+8801700000845,Password1
+8801700000846,Password1
+8801700000847,Password1
+8801700000848,Password1
+8801700000849,Password1
+8801700000850,Password1
+8801700000851,Password1
+8801700000852,Password1
+8801700000853,Password1
+8801700000854,Password1
+8801700000855,Password1
+8801700000856,Password1
+8801700000857,Password1
+8801700000858,Password1
+8801700000859,Password1
+8801700000860,Password1
+8801700000861,Password1
+8801700000862,Password1
+8801700000863,Password1
+8801700000864,Password1
+8801700000865,Password1
+8801700000866,Password1
+8801700000867,Password1
+8801700000868,Password1
+8801700000869,Password1
+8801700000870,Password1
+8801700000871,Password1
+8801700000872,Password1
+8801700000873,Password1
+8801700000874,Password1
+8801700000875,Password1
+8801700000876,Password1
+8801700000877,Password1
+8801700000878,Password1
+8801700000879,Password1
+8801700000880,Password1
+8801700000881,Password1
+8801700000882,Password1
+8801700000883,Password1
+8801700000884,Password1
+8801700000885,Password1
+8801700000886,Password1
+8801700000887,Password1
+8801700000888,Password1
+8801700000889,Password1
+8801700000890,Password1
+8801700000891,Password1
+8801700000892,Password1
+8801700000893,Password1
+8801700000894,Password1
+8801700000895,Password1
+8801700000896,Password1
+8801700000897,Password1
+8801700000898,Password1
+8801700000899,Password1